ids,sentence,sentiment
mag_231,Mar jaihe Jio tab khaiye gheev,negative
mag_090,Shuddh magadhi blog hako padh ke nitraiboo Na,negative
mag_115,рд╣рдордиреА рдХреЗ рдордЧрд╣реА рдФрд░ рдЕрдкрдиреЗ рдХреЗ рдореИрдерд┐рд▓реА рджреЛрдиреЛ рдмрд┐рд╣рд╛рд░ рдХреЗ рдкреНрд░рдЪреАрди рднрд╛рд╖рд╛ рд╣рдИред,positive
mag_160,Jiyo bhai jiyo Shahrukh was cool Haha I appreciate your forward thinking towards our society Aa suna ekadh go aau mimicry video lawa dekhiyai tani tora different version me,positive
mag_075,рдмрд╛рдд рддреЗ рдПрдХрджрдо рдареАрдХреЗ рдХрд╣рд▓рд╣реБрдБ,positive
mag_210,Achha laglau bhiya,positive
mag_095,ЁЯШВЁЯШВЁЯШВ Ekdm shi bolhi bhyba Aisahiye mehnat kr  Kamyabi miltai,positive
mag_051,Gjb Grda uda dela  Man geliyo tohni k sense of humor au acting k Jugal bhai k expression rowe wala k v hasha de hayi Aur viswa bhai k dilogue delivery faadu raha hayi,positive
mag_116,"Jio magadhi ,jio sher Aap aise bnao tnk u",positive
mag_054,ЁЯШВЁЯШВ рдЕрд░реЗ рднрдИрдпрд╛.. рдПрдХрджрдо рдЦрд░рд╛рдм рд▓рд╛рдЧрд┐рдд рд░рд╣рд▓реМ рдЕрднреА... рд▓реЗрдХрд┐рди рд╡реАрдбрд┐рдпреЛ рджреЗрдЦ рдХреЗ рдорд┐рдЬрд╛рдЬрд╝ рдЦреБрд╢ рд╣реЛ рдЧрдЗрд▓ рдПрдХрджрдо ЁЯШмЁЯШЕтЭгя╕П,positive
mag_185,рдореБрд╣рд╡рд╛ рдореЗрдВ рдореВрдд рджреЗрддреЛ рд░реЗЁЯШЬЁЯШЬ,negative
mag_214,Mja aagelo,positive
mag_195,рд╣рдорд░ рдЖрдЧреБрдЖ рдирд╛ рдЖрдмрд┐рдд рд╣реЛ рдЬреА рдХреБрдЫреЛ рдХрд░ рди ЁЯШВЁЯШВЁЯШВ,negative
mag_126,Wah aapke humour ke saamne sab kehu fail ba ji,positive
mag_134,рдЬрдм рддрдХ рд╣рдХреЛ BJP рддрдм рддрдХ рдмреЭрддреА BP,negative
mag_199,рдЧрд░реНрджрд╛ рдХрд░ рджреЗрд▓рд╣реБрдБ рднреИрд╡рд╛ЁЯСМЁЯСМЁЯШЕЁЯШЕ,positive
mag_222,рдмрд╣реБрдд рдмрдврд╝рд┐рдпрд╛ рд▓рдЧрд▓рд╡рд╛ ЁЯШНЁЯШНЁЯШНЁЯШН рдордЬрд╝рд╛ рдЖ рдЧреЗрд▓рд╡рд╛ ЁЯШНЁЯШНЁЯШНЁЯе░ЁЯе░ЁЯе░,positive
mag_172,Kandaa dalhi ho kaa kariyo ham maghaiya hiyo ne aur jinagi bhar rahabo aur bhoolte koi magahi nai bhulte kabho bihari paribhasha jai magadh jai bihar jai hind,positive
mag_085,"рдордЬрд╛ рдЖ рдЧреЗ рд▓реЛ рднрд╛рдИред рддрд╕ рдлрд▓ ЁЯНОЁЯНКЁЯНМЁЯНЙЁЯНЗЁЯНТЁЯННрдЪрд╛рдЦрд╛ред  рдЕрдВрддрд┐рдо рджреЛрд╣рд╛ рдмреЛрд▓ рдХреЗ,  ЁЯШБЁЯШДЁЯШЖЁЯШЖ",positive
mag_070,Dusra jat rhto ta may bap nahi krega why ijt ijt hota,mix
mag_073,Ekdm dil ke bat kahlahu Bhaiya,positive
mag_077,рдмреЗрдЬреЛреЬ рдордЧрд╣реА рдХреЗ рдХреЛрдп рддреЛреЬ рди рд╣реИ рд╣рдордирд┐рдпреЗ рд╕реЗ рди рдЖрд╢рд╛ рдкреВрд░рд╛ рдмреЗрдЬреЛреЬ рд╣реИ рд╣реЛ,positive
mag_117,Jugalo ke samne lake jugalbandi karta hal to teeno ke tikadi ke koi tod na rahtwa hal Hamar man halwa teeno ke sath dekhe ke@vishwajeet pratap singh @ yugal kishor bharti,positive
mag_110,рдмреЗрдЬреЛреЬ рдЯреАрдо рд╕реЗ рдЖрдЧреНрд░рд╣ рд╣реИ рдХрд┐ рдПрдХ рдмрд╛рд░ рдПрдХрд░рд╛ рдЦреЛрд▓ рдХреЗ рджреЗрдЦ рд▓реЗрд╣реЛ рдЬрд░реА рдЕрдЙ рд╢реЗрдпрд░ рдХрд░ рджреЗрд╣реЛ,positive
mag_052,Dadhiya рддреЛ рд╕реЗрдЯ рдХрд░рд╛ рд▓рд╛ рдпреБрдЧрд▓редред рдмреБрд░рдмрдХ рдЬрдЗрд╕рди рджрд╛реЭреА рд░рдЦрд▓реЗ рд╣рд╛ред,positive
mag_228,"рд▓рдЧрдмреЗ рдирд╛ рдХрд░рд╜ рд╣рд╡рд╜ рдХреА рдШрд░реЗ рд╕реЗ рдмрд╣рд░реЗ рд╣рд┐рдпрдИ,  Tq VP bhaiya for entertaining us ЁЯШН",positive
mag_198,Tohni sab aisan baat kahe Kara hi be,positive
mag_061,Bhut achha likahklkin he chachaaankh me aasu aa gailay he,positive
mag_093,Nitin bhaiya hm rauwa snge kam krem Bihar se hmro bhut lgaw ba hmra ke ego mouka d please,positive
mag_118,Jia ho bihar ke lala ЁЯЩПЁЯСН,positive
mag_186,рдорд╕рд╛рд▓рд╛ рдирд╛ рд╣рд▓реЛ рд╡реАрдбрд┐рдпреЛ рдореЗрдВ,positive
mag_081,рдкрд▓рдЯреВ рд░рд╛рдо рдХрд╣рд╛рдВ рд╣реИ рдмреЗ рдХрд░рд╡рд╛рдИ рдХрд░реЛ рдК рдкреНрд░рддрд╛рдк рд░реВрдбреА рдкрд░,negative
mag_108,Piche he chahha baithal hakin unkar bhaisye bhaag rel h baat baar,negative
mag_079,рдорд╕реНрдд рд╡рд┐рдбрд┐рдпреЛ рдмрдиреИрд▓реЗ рд╣ рднрдИрдпрд╛,positive
mag_173,рдЗрд╣ рдХрд╡рд┐рддрд╛ рдХреЗрдп рдорд╛рдзреНрдпрдо рд╕реМрдВ рд╕рдн рдЧреЛрдЯреЗрдп рдореВрд▓ рд╡рд┐рдЪрд╛рд░ рдХреЗрдп рдЙрднрд╛рд░ рдХреЗ рдкреНрд░рдпрд╛рд╕ рдХреЗрдпрд▓реМрдВ,positive
mag_135,Bahut nik video h,positive
mag_083,kyaa likha hai marde ЁЯФеЁЯФе  gardaa udaa diye ЁЯСПЁЯСП,positive
mag_071,рднрд╛рдИ рд╕рдЪ рдореЗрдВ рдордЬрд╛ рдЖ рдЧреЗрд▓реЛ...ЁЯШКЁЯШВЁЯТЭЁЯТЭ,positive
mag_158,Love you Vishwa BhaiтЭдя╕ПЁЯСН рдордВрдЧрд░реБрдЖ рдХреЗ рдмрдХрд╡рд╛рд╕ рдПрдХ рдирдВрдмрд░ЁЯША,positive
mag_152,Very good bhaiwa kha ghar hau tohni sab ke ho,positive
mag_069,"рдЧрдЬрдм рднрдИрдпрд╛ред рддреВ рд▓реЛрдЧ рдорд┐рд▓ рдХреЗ рдХрд░рд╛ рджреЗрд╣реБ рдмрд┐рд╣рд╛рд░ рдкреБрд▓рд┐рд╕ рдХреЗ 14, рддрд╛рд░реАрдЦ рд╡рд╛рд▓рд╛ Exam рд░рджреНрдж рдмрд░реА рдирд╛рдо рд╣реЛ рддрдИ рдЖрдк рд▓реЛрдЧрди рдХреЗ ЁЯЩПЁЯП╗ЁЯЩПЁЯЩПЁЯЩПЁЯЩП",negative
mag_206,"рдХрднреА рдмреМрд░реА , (рдЦреБрджрд╛рдЧрдВрдЬ ) рдХреЗ рд▓рд╛рдп рдЦрд╛ рдХреЗ рджреЗрдЦ рд▓реЗрд╣реВ рддрдм рдкрддрд╛ рдЪрд▓ рдЬреИрддреЛ рдХреА рд╕рдм рдорд┐рдард╛рдИ рдПрдХрд░ рд╕рд╛рдордиреЗ рдлреЗрд▓ рд╣реЛред рдкреВрд░реЗ рджреЗрд╢ рдореЗрдВ рдирд╛ рдорд┐рд▓рддреЛ рдСрдпрд╕рд╛рди рд▓рд╛рдпред",positive
mag_084,рдХрд░рдмреЗ рдорд░реНрджреЗ рдмрд┐рд╣рд╛рд░ рдХреЗ рдЖрдЧреЗ рдмрдврдпрдм  рдХрд╛рд╣реЗ рдЯреЗрдВрд╢рди рд▓реЗ рд░рд╣рдиреА рд╣рдВ рдорд░реНрджреЗ,positive
mag_137,Maf kariha I batiya jo bhi bol rahal thin he unkar bolia thik na hai,negative
mag_226,рдмрд╣реБрдд рд╕реБрдВрджрд░ рд▓рд┐рдЦрд▓рдереА рд╣реЗ рд╡рд╛рд╣,positive
mag_136,Ka ho vishwajit Kaisan ba???,positive
mag_184,Bahut achha lagalo,positive
mag_233,рд░реЛрдЬрдЧрд╛рд░ рди рдорд┐рд▓реЗ рдХреЗ рдХрд╛рд░рдг рдПрдХ рдЕрд╡рд┐рд╡рд╛рд╣рд┐рдд рдкреАреЬрд┐рдд рдЬрд╛рддреА рд╣реИ рднреИрдпрд╛ рд╡реЛ рднреА  рдЬреЛреЬ рджреЗрд╣ тШ║я╕ПЁЯШК,negative
mag_114,рдмрд╣реБрдд рдмрдврд╝рд┐рдпрд╛ рд╣реЛ рднреИрдпрд╛ ЁЯЩП,positive
mag_060,Gajab biswa bhaiya... Marde Tu t hila delahu jee. Dil se izzaat hawa tora lagi... Love тЭдyou viswa bhaiya from Rohtas.,positive
mag_229,Haste haste aaj hum pgla gelueoo i like itЁЯдгЁЯШВЁЯдгЁЯШВ,positive
mag_216,Aha bad Nik kaam Ko rahal chi,positive
mag_234,Aye ji Pachtaoge  GannaMa ke  Chamatkar kar  delu ЁЯСНЁЯСНЁЯСНЁЯСНЁЯСНЁЯСНЁЯСМЁЯСМЁЯСМЁЯСМЁЯСМЁЯСМтШ║я╕ПтШ║я╕П,positive
mag_189,ЁЯШВЁЯШВЁЯШВЁЯШВ ek no bhaiwa,positive
mag_140,рддрдиреА рдХреЛрд░реЛрдирд╛ рдХреЗ рднреА рдзреНрдпрд╛рди рд░рдЦрд▓ рдХрд░ рднреИрдпрд╛ред рджреЗрдЦрдХреЗ рд▓рдЧ рд░рд╣рд▓реЗ рдХрд┐ рдХреЛрд░реЛрдирд╛ рдЦрддрдо рд╣реЛ рдЧрд▓реМред рдПрдХ рджреВ рдЧреЛ рдЖрджрдореА рдорд╛рд╕реНрдХ рдкрд╣рдирд▓реЗ рд╣реМред  рд╣рдо рдЪрд╛рд╣ рд╣рд┐рдпреЗ рдХрд┐ рддреВ рд▓реЛрдЧ рд╕реНрд╡рд╕реНрде рд░рд╣реЗ рдФрд░ рдРрд╕реЗ рд╣реА рд╡реАрдбрд┐рдпреЛ рдмрдирд╛рд╡рд▓ рдХрд░ред ЁЯЩПЁЯП╗,positive
mag_207,рдмрдбрд╝реА рдмрдврд┐рдпрд╛ рд▓рдЧрд▓рд╡ рд╣реЛ рдорд┐рдЬрд╛рдЬ рдЦреБрд╢ рд╣реЛ рдЧреЗрд▓рд╡рд╛,positive
mag_209,Ruk jahun Bhaiya Ekar Mai bahin Kare lagi hamaniyo taiyar hiyo,positive
mag_183,Garda ho ЁЯдШ,positive
mag_155,рд╣рдорд░реЛ рдореБрдВрд╣рдорд╛ рдореЗрдВ рдкрд╛рдиреА рдЖ gelai рднрдИрдпрд╛ЁЯШВЁЯШВЁЯШВЁЯШВ,mix
mag_065,Bahute acha laglau VP bhaia....Aisne video aur vanaho...,positive
mag_150,Bhaiya aap log plurals party ko support kijeaa bhaiya. Unpar bhi video bnaeaa oo ak bihar k lea umidd lekar aae hii.,positive
mag_092,Yugla ke samne labahu darshak ke demand h,positive
mag_175,рдЦреВрдм рдЬрд┐рдп рд╣реЛ,positive
mag_138,рдЪрд╛рдЪрд╛ рдХреЛ рдкреНрд░рдгрд╛рдо рдХрд░реЗрдВ рд╣рд┐рдпреЗредредред,positive
mag_076,"Vishwajeet рднреИрдпрд╛ рддреЛрд░ рдЖрд╡рд╛рдЬ рдореЗ рдмрдХрдИ рдЬрд╛рджреВ рд╣рдХреЛ ЁЯСМ рддреЛрд░ рдЖрдЧреЗ  Pawan , Khesari рд╕рдм рдлреЗрд▓ рд╣реЛ  рддреВ рдордЧрдз рдХреЗ рд╢рд╛рди рд╣рдХрд╛ рдЬрдп рдордЧрдз рдЬрдп рдмрд┐рд╣рд╛рд░ рдЬрдп рдирд╛рд▓рдВрджрд╛ ЁЯТк",positive
mag_190,Aaj ke Video mein ego madad kariyo Pehle zindagi jhand howa halo Ab zindagi New zealand ho geloЁЯдгЁЯдгЁЯШВЁЯдгЁЯШВ,negative
mag_088,рдмрд╣реБрдд  bhadhiya рд╣рд▓реЛ рдЬреА рдПрдХрджрдо рдЕрднреА рд╕рдордп рдпрд╣реА рдЪрд▓реЗ рдерд╛рдмрд╛,positive
mag_091,Phonma lagba na kara ho,neutral
mag_165,"Hahahahahahaahaa Very nice!!! Bachpan yaad aa gayalai , aisahi hobahai bantwara ........",positive
mag_154,рдЕрд░реЗ рднреЛрдЬрд╡рд╛ рдореЗрдВ рдЬреЗ рдкреБреЬрд┐рдпрд╛ рдЬрд▓реЗрдмрд┐рдпрд╛ рдФрд░ рд░рд╛рд╕рдЧреБрд▓реНрд▓рд╡рд╛ рдЪрд╛рдВрдкрдорд╣реАрдВ рдУрдХрд░ рдЯреИрдХреНрд╕ рднреА рддреЛ рд▓рдЧрддрдИ рдиs рдд рдУрд╣рд┐ рдЯреИрдХреНрд╕ рдХреЗ рд░реВрдк рдореЗрдВ рдмрд╛рд▓ рд▓реЗ рд▓реЗрд▓рдереБрди рд╣реЗ рдирд░реЗрд╢ рдорд╛рдореВЁЯШВЁЯШВЁЯШВ рдФрд░ рдмрд┐рдЯреНрдЯреВ рднреИрдпрд╛ рдЯреИрдХреНрд╕ рдХреЗ рдЪреЛрд░реА рдХрд░ рд▓реЗрд▓рдереБрди рд╣реЗ,negative
mag_123,Maiya K lai bagh helai re,positive
mag_096,Etna masala de dehi ki subah lahre lago hau ЁЯдгЁЯдгЁЯдгЁЯдг,negative
mag_223,jehanabad k hahu ka bhaiya,positive
mag_156,рдкреНрд░рдгрд╛рдо рдЬреА рд╣рдо рднреА рддреЛрд░ рд╕рд╕реНрдХреНрд░рд╛рдЗрдмрд╛рд░  рд╣рд┐рдУ рдзрд┐рдпрд╛рди рджрд┐рд╣рд╛...,negative
mag_102,рдпреЗ рднреИрдпрд╛ рд╕рд┐рд▓рд╛рд╡ рдмрд╛рд▓реА рднреМрдЬреА рдХреЗ рддреЛ рд╣рдореНрд╣реА рд▓рдЧреИрдмреЛ ЁЯШВЁЯШВЁЯШВЁЯШВ,positive
mag_142,"рдЫреИрда рдореИрдпрд╛ рдХреЗ рдЧреЛрд░ рд▓рд╛рдЧреИ рдЫреА ЁЯЩПЁЯЩП P.S :- рдмрдбреНрдб рдиреАрдХ рд╡реАрдбрд┐рдпреЛрдЕрдп рднрд╛рдИ, рдореЛрди рдкреНрд░рд╕рдиреНрди рднреМ рдЧреЗрд▓",positive
mag_106,Hamni ke Shan maghdhi boys,positive
mag_127,Yhi haal h hmre bihar ka mre mausa ke bhai ka corona se maut ho gya katrisarai m bt avi tak unke ghar walo ka  na corona checkp kiya gya na unke ghar ko sanitiz kiya gya chotte chotte bache h sb dare hue h bt sarkar parsasn sb soya h,negative
mag_113,Gorba me kauchi holo Bhaiya ЁЯШнЁЯШнЁЯШнЁЯШнЁЯШнЁЯШнЁЯШнЁЯШнЁЯШнЁЯШн  E n ho sakta hai CSK hi jitega ЁЯЩПЁЯЩПЁЯЩПЁЯЩПЁЯЩПЁЯЩПЁЯЩПЁЯЩПЁЯЩПЁЯЩПЁЯЩПЁЯЩПЁЯЩПЁЯЩПЁЯЩПЁЯЩПЁЯЩП CSK.......... CSK........ CSK.........,positive
mag_204,majaa aaa gailo bhaiЁЯЩП,positive
mag_232,Ekdm baja faar delhi bhailog,positive
mag_050,Bahut achha salah delu ki e na holai bat,positive
mag_170,Yha phone se jyada lathi charge hota haiЁЯдг,negative
mag_157,Ekdum Shi bolalu masshahb r ,positive
mag_133,EpicЁЯШВЁЯШВЁЯШВ great sarcasm ЁЯе░ЁЯе░ 'vichar kijiye nitish Kumar' Jai Shri ram toh thk h Jai Hind v bol dethu Hal tb or achha lgte hlЁЯШ╢ЁЯШ╢,negative
mag_064,рд╡рд┐рд╢реНрд╡рдЬреАрдд рднреИрдпрд╛ рдЖрдк  рд╣рдорд╛рд░реЗ рдмреЬреЗ рднреИрдпрд╛ рд╣реЛ рдЦреИрдиреА  рджреЗрдмреЛ,positive
mag_162,рдРрдбреНрд░реЗрд╕рдмрд╛ рд▓реАрдЦ рджреЗрд╡рд▓ рдХрд░рд╣реЛ рдФрд░ рдЧреВрдЧрд▓ рд▓реЛрдХреЗрд╢рди рднреА рд╢реЗрдпрд░ рдХрд░ рджреЗрд╣реЛ,positive
mag_167,"рдХреНрдпрд╛ рдмрд╛рдд рд╣реИ, рдпреБрдЧрд▓ рднреИрдпрд╛ рдорди рдФрд░ рджрд┐рд▓ рдЬрд┐рддрд▓реЗрд▓рд╛ред рдЕрджреНрднреБрддредред",positive
mag_202,"рдРрд╕рди рдерд╛рдирд╛ рдкреБрд▓рд┐рд╕ рдХреЗ рдЖрдЧ рди lagaitai t kochi karatai. Kal phiro sab рдирд┐рд░реНрджреЛрд╖ рдЬрдирддрд╛ рдкрд░ рдЧреЛрд▓реА chalabe рд▓рд╛ рдЬрд┐рдВрджрд╛ chhodatai. Tuho рдХрд╛ рдмрд╛рдд kara рд╣реВ ЁЯШаЁЯШардЬрдм рдЬрд╛рдиреЗ thai рдХреА рдиреНрдпрд╛рдп debe рд╡рд╛рд▓рд╛ рд╣реА рдЕрдиреНрдпрд╛рдп рдкрд░ рдЙрддрд░ ailai рд╣реЗ. рдЬрдирддрд╛ рдХреЗ рдЕрднрдп рдХрд░реЗ рд╡рд╛рд▓рд╛ рд╣реА рднрдп phailabe laglai рд╣реЗ t okar рдерд╛рдирд╛, isab рдмрдЪрд╛ рдХреЗ kauchi kartai okara me to isab рдЬрд▓реНрд▓рд╛рдж рддреИрдпрд╛рд░ рдХрд░рд▓ рдЬрд╛ hai.",negative
mag_059,рдзрдирд░реБрдЖ рдХреЗ рдЦреВрдмреА рдХреЗ рд▓рд╛рдИ рдкрд░ рднреА рдмрдирд╛рдЗрдпреЗ рд╕рдореНрд░рд╛рдЯ рд╣реЛрдЯрд▓ рдзрдирд░реБрдЖ рдорд╕реМреЭреА рдкрдЯрдирд╛,positive
mag_131,E baar ehe gaana baaji pura Holi maiтЭдя╕П,positive
mag_177,"рдмрд╣реБрдд рдмрдврд╝рд┐рдпрд╛ рдмрд╛рдд рдмрддреИрд▓реА рд╣рд╛, рджреЗрдЦ рдХреЗ рдПрдХ рджрдо рджрд┐рд▓ рдЦреБрд╢ рд╣реЛ рдЧрдЗрд▓ рдмрд╛",positive
mag_099,Best line hamar Maiya bhi to yhi Bhasa ne bola hai,positive
mag_180,Bahut badhiya acting рдХрдИрд▓реВ рд╣реИ рднреИрдпрд╛... рд╣рдордиреА рдХреЗ рддрд░рдл рд╕реЗ рдмрд╣реБрдд рдзрдиреНрдпрд╡рд╛рдж рд╣реИ рдЖрдкрдХреЛ. My favourite line..... рдпреЗ рдХреНрдпрд╛ рдмреЛрд▓ рд░рд╣реЗ рд╣реИрдВ рдЖрдк ЁЯШВЁЯШВЁЯШВ,positive
mag_055,рднрдИрдпрд╛ рд╣реЛ рд╣рдо рдд рдЧрдпрд╛ рд╕реЗ рд╣рд┐рдУ.. рдХрднреА рдЖрдЗрдмреЛ рдЙрдзрд░ рдд рдЬрд░реВрд░ рдЦреИрдмреЛредЁЯЩП,positive
mag_053,рдореЛрджреАрдЬреА рдХреЗ рдШрд░ рдХреЗ рдкреИрд╕рд╛ рди рд╣рдЗ,negative
mag_063,рдорди рдХрд░ рд╣реИ рдЪрд┐рдирдкрд┐рдВрдЧрд╡рд╛ рд╕реЗ рдЪрд╛рдЙрдореАрди рдмрдирд╡рд╛рдмреЗЁЯдгЁЯдгЁЯдгЁЯШВ,negative
mag_101,рдЖрдЬ рднреА рдмрд┐рд╣рд╛рд░ рдкреБрд▓рд┐рд╕ рдХреЗ рд╕рд┐рдкрд╛рд╣реА рдХреЗ рдкрд░реАрдХреНрд╖рд╛ рдХреЗ question рдЖрдЙрдЯ рд╣реЛ рдЧреЗрд▓реЛ...,negative
mag_128,рдмреЬреА рдмреЭрд┐рдпрд╛ рд╣рд▓реМ рднреИрдмрд╛ рднрд▓реЗ рджреЗрдЦреЗ рд╡рд╛рд▓рд╛ рдХрд╛рдо рд╣реМ рдкрд░ рдЬреЗ рд╣реМ рд╕реЗ рддреЛрд░ рдЕрдкреНрдкрди рд╣реМ,mix
mag_212,рднрд╛рдИ рдореИ рд╕рд╣рдордд рд╣реВ рдкрд░ рдХреБрдЫ рддреЛ рджрд┐рдЦрд╛рддреЗ рдХрд╛рдо рдХрд░рддрд╛ рднреА рд╣реИ рдХрд┐ рдирд╣реАрдВред редред рдЦрд╛рд▓реА рд╡реАрдбрд┐рдпреЛ рдмрдирд╛ рджрд┐рдПредредред рдЯрд╛рдЯрд╛ рдмрд┐рдбрд╝рд▓рд╛ рд╕реЛрд▓реНрдбрд┐рдВрдЧ рдФрд░ рдЧреНрд▓реВ рдЦрд╛рд▓реА рдереЛрд░реЗ рдирд╛ рджреЗрдЦреЗрдЧреЗредред,negative
mag_218,рд╕рд╛рд╡рди рдореЗрдВ рд▓рд╣рд╕реБрди рдкреНрдпрд╛реЫ рдореБрд░реНрдЧрд╛ рдЦрд╕реНрд╕реА рдХреЗ рдХреЗ рдорд┐рд╕ рдХрд░ рд░рд╣рд▓ рд╣реЗ? рдИ рд╡реАрдбрд┐рдпреЛ рдХреЗ рд╢реЗрдпрд░ рдХрд░рд╣реБ рджреЛрд╕реНрдд рд▓реЛрдЧ рдЬреЛрд░реЗ,positive
mag_171,Ee bhaiya ego mauka da na ho,positive
mag_080,рдПрдЧреЛ рд╣рдорд░реЛ рдЧрд╛рдВрд╡ рдХреЗ рджреЗрд▓реЗ рд╣рд▓рдИ рдПрд▓ рдЖрдИ рдЖрдИрд╕реА рд░реЗрдиреЗрд╡рд▓ рдХрд░реЗрд▓рд╛ рдУрдХрд░реЛ c рдХрдЯрд▓ рд╣рд▓рдИ рднрдЗрдпрд╛ ЁЯЩПЁЯП╗ЁЯЩПЁЯП╗,negative
mag_129,Layikiyo ЁЯШВЁЯШВ,neutral
mag_193,"*рдРрд╕реЗ рдХреИрд╕реЗ рдХреЙрд░реЛрдирд╛ рд╕реЗ рдирд┐рдЬрд╛рдд рдкреИрдмрдИ рдЬреА, рдИ рдХреЛрдЪрд┐ рд╣реЛ рд░рд╣рд▓рд╛рдИ рд╣реИ,рд╣рдорд░реЛ рдпреЛрдЧрд╛ рд╕рд┐рдЦрдмрд╛ рдЬреА*ЁЯШВЁЯШАЁЯШКЁЯШБЁЯдгЁЯШЙЁЯШОЁЯШЙЁЯШНЁЯШЙЁЯШН*",negative
mag_188,Tani magahi me bolatuh hal ta aur maja aete hal ,positive
mag_220,Thanks bhaiya.... Mere comment ko sunne k liye....rajkumar jii k dookaan kako block ka litti chokhaa aau gulaabjaamun...ЁЯШВЁЯШВ,positive
mag_205,"рд╡рд░реНрд▓реНрдб рдХрдк реЩрддрдо рд╣реЛ рдЧреЗрд▓рд╡, рдЕрдм рддрдирд┐ рд╣рдордиреА рдХреЗ рдмреЗрд░реЛрдЬрдЧрд╛рд░реА рдХреЗ рдЬрд┐рдореНрдореЗрджрд╛рд░ 'рдиреАрдХреБ' 'рд╕реВрдореЛ' рдЬрдЗрд╕рди рдиреЗрддрд╡рди рдХреЗ рдХрд╛рди рдЦреЛрд▓рдмрд╣реБрдБ рднрдЗрдпрд╛",negative
mag_109,Dekhiye Pyaar Vyaar Kijiye Lekin Gharre Se Bhaga Ke Mat Le jaahun Maiya Baabu Samaaj Sab Chhoot JaitoVideo Achha Laglo ta Share Kar dihaaAu Instagram Pe Bhi Magdhi Boys Ko Follow Kar lijiegaЁЯШКHar Har Mahadev ,positive
mag_125,рднрд╛рд╖рд╛ рдкрд░ рдЕрднрд┐рдорд╛рди рд╣рдорд░ рдЫреИ,positive
mag_104,Bahut Acha Sir hamu tohar sath hiyo,positive
mag_144,рдЬрд▓реНрджреА рд╕реЗ рд╕рдм рдХреЛрдИ рдордЧрдзреА рдмреЙрдпрдЬ рдХреЗ 100K  рдХреЗ рдкрд░рд┐рд╡рд╛рд░ рдкреВрд░рд╛ рдХрд░ рджрд╣реБред,positive
mag_217,tu sb hmr last video p krle comment k sfl kae delh,positive
mag_100,рдмрд╣реБрдд рд╣реА рдореАрдард╛ рдЧрд╛рдирд╛ рд▓рдЧрд┐рдд рд╣рд╛рд╡ рднрд╛рдИ,positive
mag_130,Maja aa galai ho,positive
mag_105,рдЕрдмрдХреА рд╣рдорд╣реБрдВ рдирд╛рдо рджрд░реНрдЬрд╝ рдХрд░рд╡рд╛ рд▓рд┐рдпрдп рдХрд╛ рднрдИрдпрд╛??ЁЯШЕ,negative
mag_120,рдмрд╣реБрдд рдмреЭрд┐рдпрд╛ рдЬреАрдордЧрд╣реА рд╣рдордиреА рдХреЗ рд╢рд╛рди рд╣реЗ,positive
mag_119,Jiyoh bhaiwa garda urrraaa delhin ho,positive
mag_067,AAU Aurangabad ke choriye delhun sir ji,positive
mag_074,рдЗрд╣реЗ рд╣ рд╣рдорд░реЛ рднрд╛рд╕рд╛,positive
mag_124,E magahi bhasha to na halai,negative
mag_146,рд▓реИрдХрд┐ рд▓реЗ рдХреЗ рдЙрдбреИ ЁЯдгЁЯдгтЭдЁЯСН,negative
mag_182,Bawal ba,positive
mag_148,Mara taa burbakva ke Saar maal ke phone debe ke chakar me Paisa duba delva,negative
mag_221,Bhut badhiya kavita hako ji,positive
mag_192,"рджрд░реНрдж рдХреЗ рдорд░рд╣рдо рд╣рд╣реВрдБ рддреЛрд╣рдиреА рджреБрдиреЛ , рдЧреЛреЬ рдЫреВ рдХреЗ рдЧреЛреЬ рд▓рд╛рдЧрд╛ рд╣рд┐рдУ, рдмрд╕ рдРрд╕реЗрд╣рд┐рдВ рдореБрд╣реАрдо рдЫреЗреЬрд▓реЗ рд░рд╣ рдмрд╛рдХреА рд╣рдордиреА рдд рд╣рдЗрдпреЗ рд╣реА рд╕рд╛рдереЗред рдЬрдп рдордЧрдз, рдЬрдп рдмрд┐рд╣рд╛рд░,рдЬрдп рд╣рд┐рдВрджЁЯЗоЁЯЗ│",positive
mag_103,Garda Garda uda di ho,positive
mag_187,рдЕрдкрдиреЗ рд▓реЛрдЧ рдЗ рдкрд░ рдЬрд╛рджреЗ рдзреНрдпрд╛рди рджреЗрдЗ,neutral
mag_098,Famous dialog to all mother... Papa dai laga ke gailn ha... ЁЯШВЁЯШВ,mix
mag_112,Bharat ke sab bhasa ek рджреВрд╕рд░рд╛ рд╕реЗ рдЬреБрд░рд▓ chhai,positive
mag_176,рд╣рдорд╣реБ рдЕрднреА рдИрд╣реЗ рджреБрдЦ рд╕реЗ рдЧреБрдЬрд░реАрдд рд╣рд┐ЁЯШВ,negative
mag_094,Magahi ke yaad didla delhu bhaiyabadi badhiya laglo sun ke,positive
mag_111,Bahutte achaa  lagalo Jii !,positive
mag_203,рдмрд╣реБрдд рдмрдврд╝рд┐рдпрд╛ рд▓рдЧрд▓реМ рднреИрдпрд╛  рдРрд╕реИрди рд╡рд┐рдбрд┐рдпреЛ рджреЗрдЦрдХрд░ рд╣реМрд╕рд▓рд╛ рдордЬрдмреВрдд рд╣реЛ рдЬрд╛ рд╣реИ рднреИрдпрд╛,positive
mag_178,рдирдорд╕реНрдХрд╛рд░ рднреИрдпрд╛рдЬреА ред рдорд╛рддрд╛рдЬреА рдФрд░ рдмрд╛рдмреВрдЬреА рдХреЗ рд╣рдорд░ рддрд░рдл рд╕реЗ рдкреНрд░рдгрд╛рдо рдмреЛрд▓реЛрдЦрд▓ред рддреЛрд╣рд░ рд╡рд┐рдбрд┐рдУ рдорди рдЦреБрд╢ рдХрд░рджреЗрд╣рдЦреЛред,positive
mag_168,Mauga madhar chooodddd,negative
mag_181,Jio bihar ke lalЁЯФеЁЯФеЁЯФе love you bhaiya,positive
mag_121,рдЧрдпрд╛ рдХреЗ рд░рд╛рд╣ рдХреЛрд░рдордереВ ЁЯШШтЭдя╕ПтЭдя╕П рд╕рд╛рдЧ - рднрд╛рдд ЁЯдЧ,positive
mag_062,Bhaiwa hmm bhe islampur se heautu hmra khali bolta hallhmm turant check kar lete hall,positive
mag_082,рднрд╛рдИ рд╣рдореНрд╣реВ рддреЛрд╣рд╛рд░ рдкрдбрд╝реЛрд╕реА рдЫрд┐рдпреЗ рдкреВрд░реНрдгрд┐рдпрд╛рдВ рд╕реЗред рдЬрд┐рдП рд╣реЛ рдмрд┐рд╣рд╛рд░ рдХреЗ рд▓рд╛рд▓рд╛,positive
mag_159,Mazza aa gelo dekh ke....... ЁЯШВЁЯШВЁЯШВЁЯСНЁЯСН,positive
mag_132,Bahut sahi salah dehla ha,positive
mag_143,Aap ka gao ka kya naam h or koon district h,neutral
mag_230,рдЬрд╛рдирдХрд╛рд░реА рдЧрд▓рдд рдирдИ рджреА ..  рдмрд┐рд╣рд╛рд░ рдореЗрдВ рдорд╛рддреНрд░реЗ рдЯрд╛ рднрд╛рд╖рд╛ рдЫреИ .. 1. рдореИрдерд┐рд▓реА (рдЕрдВрдЧрд┐рдХрд╛ рдЖ рдмрдЬреНрдЬрд┐рдХрд╛ рдмреЛрд▓реА ) 2. рднреЛрдЬрдкреБрд░реА 3. рдордЧрд╣реА  рдмрд┐рд╣рд╛рд░ рдореЗрдВ рд╕рдмрд╕рдБ рдЬреНрдпрд╛рджрд╛ рдореИрдерд┐рд▓реА рднрд╛рд╖рд╛ рдмреЛрд▓рд▓/рдмрд╛рдЬрд▓ рдЬрд╛рдИрдд рдЕрдЫрд┐ .,negative
mag_213,рджреБрдирд┐рдпрд╛ рдмреЛрд▓рд╣реЗ рдЕрдкрди рдЕрдкрди рднрд╛рд╖рд╛ рдордЧреНтАНрд╣рд┐рдпрд╛ рдХреЗ рддреЛ рд╣рдИ рд╣рдордиреАрдП рд╕реЗ рдирд╛ рдЖрд╕рд╛,negative
mag_066,Ek bar hum hu fas jaitio hal  same situation tha uu bola ki courier se jayega paisa online dene ko bola t hum samjh gaye ki froud hai hum bole hand to hand Mobile do or paisa lo t jan hu turante phone ma kat delko or etefak se uhoo islampur re se bol rha tha hum gaya se hai,mix
mag_057,Bihar police Bala me bhi ehi Hal halaiy ho,negative
mag_215,Bejod ke pura team ke dhanyavadDil chhuwe Wala Kavita ba ji,positive
mag_107,dher jaruri kadam uthve ke chahi aapan magahi bhasha ke bachave ke,positive
mag_200,muhwa me mut detau reЁЯдг,negative
mag_145,Jabardasth acting VP bhai ...or ooro se dhaakad ...tohr Aawaz ...ЁЯШНЁЯШНЁЯШНЁЯСМЁЯСМЁЯСМ...aur chotko bhai Saab ...mst acting kra hakin ЁЯШНЁЯШНЁЯШАЁЯША,positive
mag_225,Hindi humani ke mausi oor Maai Bhojpuri,positive
mag_058,Jabardas maja aa galotoo gud bro,positive
mag_196,I want to treat my mom and dad at taj hotel from my first salary...Few months to go... p.s: Uncleji ke rasgulla khila denhu jiЁЯШВ,positive
mag_068,Bahut achhe Sir Ji...  Nik vartalaap chail... Enhaite video banail  Karu...Jai Maithli Jai Mithila...,positive
mag_163,Aaj dharailaw he jugla bhaiyaЁЯдгЁЯШВЁЯдг,positive
mag_166,рджрд▓рд┐рдд рдЬрдирд╕рдВрдЦреНрдпрд╛ рдЦреВрдм рдмреЭ рдЧрдпрд╛ рд╣реИ рд░реЛрдХ рд▓рд╛рдЧрд╣реБ,negative
mag_194,рдмрд╣реБрдд рдирд┐рдорди рдХрд╛рдЬ рдХ рд░рд╣рди рдЫрд┐ рдЕрд╣рд╛,negative
mag_086,Bri maza aa gaelo bhaiya,positive
mag_224,рдпреБрдЧрд▓ рднрдИрдпрд╛ рд╢рд╛рджреА рдмрд┐рдпрд╛рд╣ рдкрд░ рдкреВрд░рд╛ рдЬреЛрдбрд╝ рджреЗ рд╣рд╣реБ рдЬрд▓реНрджреА рд╣рдИ ЁЯШВЁЯШВ,positive
mag_211,"Av just khaja kaa k dekh rhe h videoЁЯШНЁЯШН""turu lubb""",positive
mag_219,Ek dum jhakas video khati magahiya,positive
mag_097,Muha me moot dtomza aa glo bhaiwa,negative
mag_227,Sarwaaaa Youtube Commentwwaa Off Kar Delko Hal. Kaise Kaise kar ke On karwailiyo hey. Ab Jamm ke Comment Karhu aur Share Karhu Khoob Humach ke ЁЯТЦЁЯЩПЁЯТЦ,positive
mag_208,рдЪрдЪрд╛ рддреЛ рдЪрдЪрд╛ рд╣реИ рдХреБрдЫреЛ рдХрд╣ рджреЗрддреЗ рд╣реИрдВ,negative
mag_153,Wahh bhaiya gajab lagal baaa ek din sab mil kar programme kijiye good ЁЯСНЁЯСН keep it up,positive
mag_197,Piche se ke hulki thalthun bhaiya ЁЯШВЁЯШВ... Btw awesome video  Maza aa gelo...Ghare ke yaad aa gelo,negative
mag_139,Tuhani ke ghar khana hau yr,neutral
mag_141,рдЬрд┐рдУрд╣ рд░реЗ рд▓рд╛рд▓,positive
mag_072,рдПрдХ рд╡реАрдбрд┐рдпреЛ рдФрд░ рдмрдирд╛рд╣реВ рдЬреЗрдХрд░рд╛ рдореЗ рдХрд░рд┐рдпрд╛ рдЧреЗрд╣реВрдБ рдХреЗ рдЙрдкрдЬрд╛рдмреЗ рдХреЗ рдмрд┐рдзрд┐ рдмрддрд╛рд╣реВ,positive
mag_201,na hamar 3 ke na 13 ke.... ЁЯШВЁЯШВЁЯШВ khali magahiya me nay angiko me bada famous dialogue hai....!!!,positive
mag_089,Mast mast ЁЯСН maza aaya abuse word's (gali) sunei ke liye.ЁЯШГ,positive
mag_191,Es leye ham kah sakte hai ki tribac is bet institute for medical and iit including board,positive
mag_147,Bahut badhiyan laglo bhiyaa,positive
mag_149,рддрдиреА рд╣рдордиреА рдХреЗ рдЖрд╡рд╛рдЬ рдмрдирд╣реБ рднрдИрдпрд╛ ЁЯЩП рдмрд┐рд╣рд╛рд░ рд╢рд┐рдХреНрд╖рдХ рдирд┐рдпреЛрдЬрди,positive
mag_179,Ja chacha miss kar delhu,neutral
mag_164,рд╕реБрдиреАрдд рдЦрдиреА рдЕрдЗрд╕рди рд▓рдЧреАрдд рд╣рд▓реЛ рдХрд┐ рд╣рдо рдЕрдкрди рдорд╛рдп рдХреЗ рдЧреЛрджреА рдореЗрдВ рд╕реБрддрд▓ рд╣реА рдФрд░ рдЙ рд╣рдорд╛рд░ рдорд╛рдерд╛ рдкрд░ рд╣рд╛рде рдлреЗрд░реАрдд рд╣рдереАрди,positive
mag_174,HT..chalyea..hoga sab,positive
mag_169,Number de Bhai tuhani apan,positive
mag_087,"Na, sarir me putti laga ke ghume padiЁЯШВЁЯШВЁЯШВ",negative
mag_122,рд╢реЗрдпрд░ рдХрд░рд╣реБ рдЬреЗрддрдирд╛ рд╣реЛ рд╕рдХреЗ рдЙрддрдирд╛ рд╢реЗрдпрд░ рдХрд░рд╣реБ рд╣рд▓ред рдИ рд╡реАрдбрд┐рдпреЛ рдХреЗ 1 рд▓рд╛рдЦ рд╡реНрдпреВ рдкрд╣реБрдБрдЪрд╛рд╣реБред,positive
mag_056,Pranam bhaiyaau SB thik hako,positive
mag_161,I have seen you in TVF/TSP  Badi badhiya  kataksh kara hu bhaiyaa ,positive
mag_151,Aaj grahan lagtai ta sab kahe thai ki 12 ghanta phle khanwa kha lewe k hai ta bhukhwa na lagtai bhaiya......  Kuch nidaan nikalhu ekra pe butru na hiai bhiaa bhukle bachbai,mix
mag_078,"рдмрд╣реБрдд рдиреЗрдХ рдХрд╛рдо рдХрд▓рд╣реВ рдбреЙрдХреНрдЯрд░ рд╕рд╛рд╣рдм рд╕реЗ рдорд┐рд▓рд╛рдХреЗ , рдмрд╣реБрдд рдмрд╣реБрдд рдзрдиреНрдпрд╡рд╛рдж",positive
